--CREATE DATABASE  BANK_INFO



CREATE TABLE DEPOSIT(
	ACTNO INT,
	CNAME VARCHAR(20),
	BNAME VARCHAR(20),
	AMOUNT DECIMAL(8,2),
	ADATE DATETIME,
);

select * from DEPOSIT


INSERT INTO  DEPOSIT ()







INSERT INTO DEPOSIT (ACTNO,CNAME,BNAME,AMOUNT,ADATE)
			VALUES(101,'ANIL','VRCE',1000,'1995-3-1'),
			(102,'SUNIL','AJNI',5000,'1996-1-4'),
			(103,'MEHUL','KAROLBAGH',3500,'1995-11-17'),
			(104,'MADHURI','CHANDI',1200,'1995-12-17'),
			(105,'PRAMOD','M.G.ROAD',3000,'1996-3-27'),
			(106,'SANDIP','ANDHERI',2000,'1996-3-31'),
			(107,'SHIVANI','VIRAR',1000,'1995-9-5'),
			(108,'KRANTI','NEHRU PLACE',5000,'1995-7-2'),
			(109,'MINU','POWAI',7000,'1995-8-10');

SELECT *FROM DEPOSIT



CREATE TABLE BRANCH(
	BNAME VARCHAR(50),
	CITY VARCHAR(50)
);

INSERT INTO BRANCH VALUES('VRCE','NAGPUR'),
						('AJNI','NAGPUR'),
						('KAROLBAGH','DELHI'),
						('CHANDI','DELHI'),
						('DHARAMPETH','NAGPUR'),
						('M.G. ROAD','BANGLORE'),
						('ANDHERI','BOMBAY'),
						('VIRAR','BOMBAY'),
						('NEHRU PACE','DELHI'),
						('POWAI','BOMBAY');

SELECT *FROM BRANCH



CREATE TABLE CUSTOMERS (
CNAME VARCHAR(50),
CITY VARCHAR(50)
);

INSERT INTO CUSTOMERS VALUES('ANIL','CALCUTTA'),
							('SUNIL','DELHI'),
							('MEHUL','BARODA'),
							('MANDAR','PATNA'),
							('MADHURI','NAGPUR'),
							('PRAMOD','NAGPUR'),
							('SANDIP','SURAT'),
							('SHIVANI','BOMBAY'),
							('KRANTI','BOMBAY'),
							('KAREN','NAGPUR');


		SELECT *FROM CUSTOMERS


CREATE TABLE BORROW(

	LOANNO INT,
	CNAME VARCHAR(50),
	BNAME VARCHAR(50),
	AMOUNT DECIMAL(8,2)

);

INSERT INTO BORROW VALUES (201,'ANIL','VRCE',1000),
						(206,'MEHUL','AJNI',5000),
						(311,'SUNIL','DHARAMPETH',3000),
						(321,'MADHURI','ANDHERI',2000),
						(375,'PRAMOD','VIRAR',8000),
						(481,'KRANTI','NEHRU PLACE',3000);



	SELECT *FROM BORROW	
	
	TRUNCATE TABLE BORROW
	



	INSERT INTO DEPOSIT (ACTNO,CNAME,BNAME,AMOUNT,ADATE) 
				VALUES(101,'RAJ','VRCE',1000.00,'12-12-2023')

	INSERT INTO DEPOSIT VALUES (102,'ANIL','CE',2000.00,'2023-12-8'),
							(103,'DHRUV','IT',NULL,'2023-11-7'),
							(105,'ABC','IT',NULL,'02-05-2023')
	
	INSERT INTO DEPOSIT (ACTNO,CNAME) 
				VALUES (104,'JAY')
	
	SELECT * FROM DEPOSIT
